,Pred_AR,Pred_MA,Pred_ARMA,Pred_SARMA,Actual_Values,Pred_SARIMA,Pred_SARIMAX,Pred_HWA,Pred_HWM,Pred_SARIMA_2
0,17.752776655016454,18.70814144646586,27.265505134655882,25.5521667327503,10,25.947306396481448,13.300095080783795,28.014369816095748,27.76653070559329,27.472397980941306
1,21.511868139941694,22.085372646473747,23.59439525415453,23.436121640272326,30,23.66680657436273,24.14301609177794,25.71105693074553,26.858706090561864,25.817350902950587
2,27.467605346902427,26.950331051061724,22.80259206569088,24.420095228653175,21,24.71122238585417,25.33192736167047,25.602573200539638,27.03281942924866,28.60064553920269
3,27.056347588586288,25.083147626756148,25.75578947651733,24.534205363744746,18,24.824976014626284,25.375222250499462,24.784156161509177,26.71203762433343,26.5543441882269
4,20.32396945885693,19.41515796010134,13.244942873186664,15.844897602576491,24,16.047817754453803,15.670912449048087,16.937316124144324,26.228658356663537,18.449286507604103
5,19.49090861959613,22.08144566185814,12.880983155651885,11.51088179868916,8,11.727977471426993,10.909803860949593,11.731392293464264,26.10251089630528,14.797950282365077
6,15.9104152953304,19.74946698280989,21.862904803468595,25.382794780653395,35,25.84365710348466,25.528489919320158,24.862203033803414,25.012207348018826,26.30925878886014
7,22.859709417772933,25.954914747853962,26.62594678375093,27.22486862504391,28,27.674219496393103,26.78000068877352,26.35022617326039,25.643757373185892,29.170945400560047
8,26.377468304037148,26.407174617139486,26.20458046043181,28.032223583536137,19,28.239199230830856,26.953775808171514,26.723281606628216,25.78278400890636,28.171057808901693
9,22.428727037184075,21.159733457177655,25.77909621224239,25.72562862269865,36,26.022942679492306,25.40209675917459,25.06208817195591,25.39450093265052,25.25670177988564
10,24.53144801489505,25.76816158269258,27.39707649600069,27.96035161147137,27,28.35378524548146,27.912669125550256,26.128789630327958,26.00085801998756,28.71338088152384
11,22.76981724899856,24.922383172385672,16.80033075054353,20.092173917718057,25,20.243788733987017,18.700654898082682,19.473972072638745,26.110332702602488,20.525715681527473
12,20.826859033381762,23.75548876512137,16.632141470116316,14.644176339361888,11,14.87935346269153,13.615182258342935,13.923669253680885,26.054178858370854,15.337541304207456
13,25.341266282385273,26.15434889607009,24.18141472431011,28.380474795322666,29,28.535423136050724,27.78823387691794,27.256931376005937,25.24491108316521,27.444822408314522
14,25.98248593575045,24.648489975608967,29.59169169484786,28.28327652176163,24,28.46730879858687,27.868127791331712,27.654140782500487,25.456604547517184,28.262011537120163
15,23.51469636689093,24.66258122258611,26.571345237373468,27.981754495728282,21,28.292073926043525,27.191322049240537,27.35813381065165,25.378933708113088,27.434429749233328
16,28.46361366280889,27.99265149472425,26.953086360634572,26.29659509248068,25,26.398482022384854,25.827950636340752,25.975077782876912,25.140737907960094,25.70618417625963
17,25.50299823427456,23.87623222166841,26.734959983878426,26.3676662185436,22,26.644979600632386,26.234299695647834,25.591125552526456,25.134658135053602,26.23529761343452
18,22.780197168817487,22.397237515795027,16.10122482668319,18.211401838306934,12,18.25339275900065,16.983950047797276,18.32236432930032,24.964203475222305,18.65966594118451
19,18.34380336755921,19.571952687897195,12.839705466136945,10.974762185174447,13,11.109174712806523,10.182617623857077,11.350743103136681,24.238195185473227,11.429995897795298
20,23.76873887545069,23.407376767248568,23.210178611066205,26.03108848665139,31,26.27559049858172,26.147140860833392,25.241478214017032,23.573609994016515,26.364032548302163
21,25.258803404813555,24.917179597693305,26.566614218767036,26.84638811265637,34,27.105806374683922,26.30864537132472,26.080768005092846,24.020022706910158,27.369655229749526
22,25.535273440087856,25.229358111520767,26.36172360588642,28.562383195382523,22,28.86231137315804,27.560473296427627,27.10427456031004,24.58661431035735,28.538215631403734
23,24.523925628824486,23.191827840703894,26.40909355143421,26.927919466937073,24,27.16612526005615,26.39196805272995,25.890813625124284,24.44656553356268,25.508346207759907
24,22.45778608859948,22.71521397002903,26.34148400811349,26.607729196714484,25,26.917075925913785,26.86746509814152,25.39014498512539,24.423281829738198,25.63149806695951
25,18.98398484137064,21.675149677111087,15.440433271115555,18.86302516229697,17,19.01386617182132,17.780941732608156,18.477389060635584,24.455655258161755,18.948131723175884
26,19.985905750267587,23.47451639719115,14.277922046616974,12.385997566829046,14,12.442135506699517,11.587001609159975,12.112890612754304,24.05132732916095,12.383753332462483
27,25.70730167133049,25.78394001824201,24.29611317042827,27.26967400609037,15,27.438314814567214,26.84675328725995,26.04892616429328,23.490583084066248,26.722846924433444
28,25.45981488211203,23.91682985179845,25.748446859763497,25.10126261247365,19,25.1874695831375,24.5071252246652,24.960515437720808,23.001191426883768,23.928521558179796
29,22.720726832892108,22.365254681113854,22.079535417490927,24.555921569548644,38,24.84462858762609,24.007887470648136,24.312609644377503,22.768800892932635,24.34789485750521
30,27.45176998236888,27.8218696948755,26.672260600306156,26.690343948753227,37,27.000753127145014,26.228100874013645,25.28888815298161,23.6445301057998,27.510768351396013
31,26.659061771976372,26.725448118006355,27.673660840068802,28.64983664873961,34,28.959186151957113,28.722700067677017,26.345057877291865,24.365592377371783,28.00068958488871
32,23.38892207019791,23.943450606558557,19.722922012164272,21.86727893967485,16,21.960768581504755,20.768491921120404,20.354713832178227,24.865238371815284,21.14177831446325
33,18.151756757234246,19.307392786220433,15.917460465634296,14.454723074464962,9,14.460483706658875,13.528819309898818,13.671314402215948,24.412970553726698,12.817190610198404
34,17.457667491047175,19.258013506765085,24.9532571332518,27.804437798586694,27,28.124352950916794,28.052163311199198,26.787225795478978,23.607139606443983,26.26922627308286
35,24.242849018805302,26.91287175246852,27.904820482975158,27.552416209388074,37,27.74801208168737,27.337983193153573,27.01357490388261,23.789336017810783,26.927273246348307
36,32.69580466134486,32.44095210222555,28.130199825270985,29.65103578028165,30,29.745893577459487,28.43440063284596,28.41741860308846,24.53146886641677,29.520304681697937
37,31.16959892128216,27.862487025243016,29.882245288115463,29.12368471910046,40,29.23702739629745,28.704834842404576,27.985793163475424,24.809766403248744,27.65798355756807
38,30.054903032252703,27.589671802237238,31.4357275275091,30.93465680970851,37,31.114695043796235,30.71834014127072,29.100566213900553,25.570793282450158,30.043867150910355
39,22.149316327435518,23.645727040906202,20.75712880945676,23.801466580634326,13,23.881935833444857,22.36317242551789,23.12797925328627,26.14158945888037,23.0590824634573
40,17.257836160601407,21.825648427271663,17.93415825129933,15.341995595063686,20,15.370295686931891,14.31440708600434,15.721074097796814,25.490082500471377,13.41573992427074
41,25.549667829652254,27.44562785851253,28.68001732399897,30.40152384148704,38,30.475438740337683,29.878952827476592,29.89768217488736,25.220539033183545,29.837784258976257
42,31.190957063922497,29.117469298294946,33.090899942838966,31.43277268118425,37,31.342900517516817,30.32943660236092,31.11951431453496,25.853127610068626,31.03767031655083
43,30.532736147099534,28.04861123125545,32.56771651699641,32.431852355264766,24,32.446357446506354,31.103489874567746,31.93846079658173,26.407419531261354,31.57768260860241
44,31.148954826773682,28.547643174495807,32.89735067587702,30.33961916448927,33,30.24537392941977,29.432153562338872,30.418425023899022,26.289830427706608,28.392018759896374
45,28.97976671480771,26.40160140897482,32.1544136545016,30.62904393204101,30,30.630118634551028,30.11088293985561,30.418300895739183,26.62736993419547,30.07347729768345
46,20.754122845170933,22.75233270422985,20.439134509210145,22.1103119323425,18,22.104202836616373,20.94805417975489,23.346183060187826,26.800245333935184,22.394880295754458
47,23.2046516814645,25.215688952924925,18.39505451018232,15.153060287472398,15,14.999854861745876,13.975468548902805,16.607014720400766,26.361017175210318,15.137009154885611
48,28.318951924247077,26.2930222409046,27.617916620067525,29.50892357705368,27,29.448767027606788,28.96248266705678,30.11653562930902,25.80325418933361,29.5711955428061
49,28.883582357287462,25.984418663538683,30.91519740181231,28.936893432987084,29,28.91435519186828,28.35115685898681,30.008652908827713,25.86408000473337,29.12194880371329
50,26.148663043686703,24.84631356296289,28.30557224028039,29.065735109048905,40,29.19349962307471,28.67987517025889,29.92999140431569,26.020046605199838,29.582781893183483
51,31.42713302773716,29.468188801113016,32.735598490085145,30.69820283066885,34,30.767752372470703,29.954373391169128,30.579565007307266,26.71037938772853,31.511452057941185
52,27.44020051828489,26.163432166318607,31.651381517324506,31.03020466589209,38,31.150890054908523,30.612582193689647,30.659684535318316,27.078002551729554,30.684916687708945
53,24.15198412655314,24.81892692965177,22.19550663728535,23.62291883260233,32,23.55811854646809,22.509328994537405,24.47754302139856,27.639265704782325,24.442311890490696
54,22.65753003244369,24.167575863242,21.232555508894414,18.682733494699946,10,18.572170252076624,17.2266965398066,19.27805874221997,27.871848756140214,19.12190977483656
55,22.56808890225552,23.24348889514066,29.69169488288816,31.223973797540026,38,31.22988715677325,30.71818681369817,31.858204444529594,26.954736721337838,29.974846735060368
56,30.19283079238265,30.3867565778508,34.88040241855504,32.065834065393524,27,32.045092531191344,31.29880345863874,32.839744604297714,27.50880071623362,32.7497847644168
57,30.297994152811988,29.22088738717784,30.789988911228274,31.20013541839332,43,31.008855449628353,30.20721032140301,32.24588913241202,27.486385690739752,30.801596144307354
58,33.49912872884417,30.739884717901678,36.325848863807074,32.715459245347674,35,32.68330191629958,32.228481969894354,32.965492378455345,28.28574436355364,33.68371183187162
59,31.35772161150556,29.760796290307738,33.653398383314894,32.76868321590607,34,32.70293766739441,32.366985488242356,32.90862186469057,28.649639042231694,32.51921987134211
60,27.489077789322238,26.25857031128218,24.839398660374457,24.25424096996129,20,23.95228384877146,22.79457272857464,25.998532398418178,28.94739761628834,24.986242961881622
61,19.72544894423563,22.001392938345056,19.241684935999594,16.876328171594402,11,16.974234778092104,16.338666107612642,19.230147066033425,28.517683815738746,17.67762131679197
62,26.32589751767496,26.124113837708748,30.214530206313142,30.32976012143689,8,30.319995304976484,19.02240347940834,32.032528803849345,27.61677958606398,30.719029358084594
63,23.659354821289824,21.740226047253675,27.881575344950967,26.1344242683472,11,26.277280965758273,16.956337952109998,29.462047785850093,26.65869094167479,26.37840195859389
64,29.05221831148069,25.96590038806965,25.14107771925261,24.24121566720286,16,24.26244126868252,15.799425083412926,27.377464090524484,25.90277059991579,26.02643930083618
65,27.663868485267802,23.46964774724017,25.35724076266069,22.89519031166596,33,23.1185107998567,28.02626464663334,25.29606050309286,25.41688347782198,25.59810166869012
66,29.6315889058163,26.07157631451719,26.494179100568232,25.449273566008767,46,25.757251455981997,28.717217179432694,26.020705298791064,25.795010451596603,28.91900112313805
67,26.705386234530085,25.57277958745616,19.358041920080762,20.93691419694303,29,21.130231091926305,21.950283630215417,21.381896919512407,26.772691839722953,24.65981296845231
68,19.81037692463243,20.825014071849527,16.265735254208867,15.99888579846522,5,16.150245778149163,17.026771143363312,16.054851990212526,26.881900734407893,17.072276971888634
69,13.734743898038756,15.240102519835007,25.25566098586945,28.30337485092593,35,28.647908825974998,30.22608348934661,28.47055703698333,25.843162876277212,27.416213265366455
70,20.843014226871613,24.06591037716795,27.984134811708252,29.30434803895916,28,29.603671637119326,29.96682277726123,29.43616035689791,26.282546892577823,30.534018873496517
71,22.422772844387808,25.133878462898522,27.934876704625783,29.67793013148348,40,29.88882116235937,29.67979349675649,29.47042873080252,26.36634005558058,29.6440442646801
72,33.47161902808958,33.73422040283889,33.30657238034648,31.387486884460486,30,31.39946867211464,31.08304113275839,30.17426553915451,27.01226323725825,31.867735751642893
73,32.86682820094394,29.83612534274714,30.44191066792901,31.199036775109192,40,31.075295279716958,30.93413842934893,29.92201978310865,27.15672577411077,30.107128762838173
74,27.121149202626853,26.026014943363773,22.45041350904554,23.743147354131352,19,23.612150682729936,22.544240003891808,23.94629801355089,27.77238778747502,24.54795312574119
75,17.556048342847227,22.47778450643128,16.367643055780118,15.904098653818968,16,15.926819032787789,15.406917647817233,17.091850334217455,27.354430767634746,15.53902334248447
76,26.504105649612235,29.291980829482927,28.535871334679108,30.46941957435804,36,30.38771940745698,30.475046392472645,30.72650277605087,26.82239149760509,30.44022919380935
77,29.109698988150893,28.765840689912352,30.251385521646622,30.8999324166385,34,30.906948897586346,30.764687079051253,31.50855045450565,27.25532657357325,31.606703674584107
78,31.89517063827877,29.584998653138214,31.951740613697535,32.08903727385213,27,31.98585018590143,31.709923186122126,32.04788516433165,27.576771918960578,32.02530220288462
79,28.90394688334033,24.88776430528225,33.737586828432235,30.70783550953798,44,30.76550837825259,30.87966831268313,30.93674018219439,27.552818935180806,30.13070116171276
80,32.87292520568949,30.09046942565207,33.47587919472891,33.37634689898758,35,33.367797730168114,33.32500763191085,32.238245778807695,28.34286923147862,34.08961712188158
81,23.344889169303737,23.908522501843237,24.447332117687825,24.137842279408368,17,24.08089940720821,22.950362812461435,25.36858768412532,28.67591362951693,24.4831962494017
82,21.473427457600586,23.26623954071136,18.05480653402503,15.904745531103822,12,15.745902565414108,15.440912635699176,18.13450448778352,28.10496020029465,15.790872731570644
83,26.39728453223581,24.616621659805713,29.166690425328355,29.91663417818685,33,29.819065916515843,30.36282809226443,31.232848920956478,27.347193019022967,30.290565500383074
84,29.12315642598377,27.310414843418197,30.361102206165558,29.96239930140561,32,29.91136682680625,29.68222966591106,31.602078317114824,27.613428154932162,31.329967820586493
85,28.796905252169534,28.14276263352373,31.22013630555777,30.963694352892045,33,31.042296705904327,30.50138408296845,31.866005011717373,27.822018388261856,31.87508144081537
86,34.403829260957906,31.65990147460177,34.486696303866964,31.31139847513392,35,31.221236474336692,30.58928876564448,31.548045133570085,28.069261678650406,31.801457076948665
87,29.29363218129701,25.723553503220447,34.164186900617445,32.12159021052545,42,32.2156732308299,32.03280727232574,31.71057266480771,28.402547849756647,32.59100217029945
88,23.973626014928232,25.055119080465804,23.22195613336897,24.182448368839914,14,24.16573286478084,23.06332134529068,25.63011747407608,29.066882872712497,25.859168684309815
89,18.768651655839488,21.593155000111146,17.515863200285846,15.436189261484316,10,15.335823570697155,14.698142780676768,18.044728253264992,28.335111006730195,15.279949852128777
90,25.19424652082335,25.193067232314096,29.291914691103763,29.420237362519835,36,29.378568825700828,30.10863554078598,30.976014034372085,27.484367837980404,30.06040438735824
91,29.66922820752892,28.370971525217232,29.625965082193336,30.10012872150399,32,30.087741709767872,30.846423112037943,31.699194428884606,27.87874157502608,32.03729618645252
92,29.685738537945394,27.856829527339052,31.4491096137341,31.113512471536588,24,31.122738285965728,30.8145423058786,31.957103435290126,28.072615147652463,32.06408492227471
93,30.57272105060216,27.358104369868602,33.17408936405392,29.981807769212185,28,30.03043265450302,30.072492022235107,30.638000574156926,27.88819590732941,30.114753921049736
94,30.071979926214816,27.28318364754685,32.21323943632359,30.154623499564675,38,30.204477675754408,30.998798640770804,30.161638209904986,27.896983074288073,30.910499407913633
95,21.80186112100316,22.552949064729148,20.5080690865532,21.611936711629077,19,21.66228028645213,20.983935665042907,23.68151961571073,28.367123681719953,24.05398247515692
96,19.56612994215889,23.05417186196885,15.66539372655013,14.515040282873088,21,14.49028878250428,13.979426446203346,16.905623491171028,27.93731387117808,15.526649451435746
97,28.770156467860303,27.722768869437648,29.36974981692737,30.88837031515607,33,30.87573456521699,30.977750703428807,31.246521383969363,27.623461125716616,32.197139858826624
98,28.287262467470327,26.155564817924624,29.764005886030308,30.565086409672126,33,30.58014535021575,31.082894415365466,31.58294209685859,27.87240852330121,31.443972514385795
99,26.21984150293765,25.628295996333872,31.53030679175886,31.436557000606683,30,31.536315913518216,31.10711726194961,31.923831874213928,28.11080844913147,32.15176432075404
100,28.53034207132686,27.682410304525384,33.37015807192893,31.321719939601532,27,31.41886511617699,31.22844637960045,31.29841670253086,28.2014181317834,31.490759941078355
101,28.91810334994647,27.218965755857,33.28671893920401,31.15037586496441,37,31.21525067644713,31.444582766186944,30.683910909097435,28.150026377758483,31.11614801187663
102,24.57134412283525,25.718426121041475,20.371999792484182,21.949018966672007,20,21.89306665193892,21.13917793873841,23.973715404668663,28.561580896723992,23.919322665063596
103,22.93122109217677,24.34668108546585,17.89336624977686,15.111893570481373,17,14.962129354433547,14.325946002384365,17.320909800932554,28.170160473722625,15.962604934588153
104,26.969144728571788,25.753140745859145,29.57806760413237,30.58912393519433,32,30.60386275914961,31.396584270395113,31.163848021551484,27.664742692000235,31.521729020145052
105,29.222209718541063,28.16804967575409,29.848385960748296,30.19728494574161,39,30.203156187726744,30.731554934179,31.39897498414797,27.86512836633041,31.222052440773087
106,29.2760633732451,28.35014193758602,31.41086564122282,32.12480826664779,29,32.159837508756,31.48555315992463,32.407437547668025,28.37519406892898,33.40461905598556
107,27.843296312434212,26.58085230657643,34.25836915946245,31.584185501502038,25,31.847281020389012,32.10859739913716,31.71389741101737,28.45356880733316,31.676229493773864
108,28.564462200574013,26.36271844559675,33.92815832880581,31.206748030983423,7,31.403565463380193,20.60591362010816,30.88532472445496,28.29957607661885,31.004179397523348
109,18.285297629120155,18.369294823169447,15.771056546275327,16.83514733883234,19,16.85248021601482,18.45029904224672,20.78603198890469,27.339950564900278,17.27492772503181
110,21.77188774451632,23.432156562347078,12.772877384293961,11.357787341113898,14,11.391371987617259,0.7147916658911946,14.381252034130435,26.964680655026555,14.581487334186619
111,26.311726485827407,25.89530366092757,26.803671260279607,27.289287304794666,29,27.4643467841845,30.50373690048245,28.220711442906516,26.3692152909536,29.509883319653476
112,31.494985433781032,28.07178827368593,26.96105083641735,27.510700357607842,27,27.635024672871648,29.628848189286323,28.488483465937662,26.49535082260448,29.321630206314502
113,26.972812501620393,24.15502856018329,26.822943742103266,27.94618781305828,29,28.15944306763283,29.327879802037568,28.440502181975003,26.521461147805862,29.201667103679583
114,24.273299665967112,22.58773979208508,29.652378534140468,28.41595091030406,31,28.68195464100016,29.682542653767303,28.055460602372307,26.63891823528644,29.359983390008182
115,19.54594149422732,21.475197644966887,29.97326928988296,29.46944201040548,40,29.91517029472621,31.211059264407268,28.209829264557317,26.84186140172865,30.111073536496136
116,24.63907530184284,27.859532776216632,19.364043390817653,21.71762630965617,33,21.72560321893319,21.25479558728096,22.154983738668804,27.44014317186013,23.367805777099957
117,23.006937990676537,24.668173473898626,18.514177022885953,17.279419210530463,19,17.239470862984525,17.039623872002867,17.15341291812403,27.69266967482649,18.025159257991476
118,25.04015025661205,24.83633394758249,29.567820820866324,32.383381958385144,35,32.42103943551577,32.579248594522014,31.247415754200773,27.30677602622315,31.526398281341272
119,27.73216589203217,27.322001688557172,31.456157600032267,32.133239687775976,31,32.15998337712597,32.206980464954704,31.83583008643935,27.654272157595354,31.74483404752148
120,27.305833114438663,28.677583973716594,31.472835003258297,31.944954969784035,10,31.94187582392058,20.498470515885685,31.87554376525518,27.80732393535536,31.382160990610277
121,25.459432530272565,26.195361951656214,30.671813417904715,28.032035966767012,35,28.03407791322236,30.58090093890664,29.046253166004284,27.01651046610739,26.354288654573423
122,33.00915301337531,31.55103049981607,31.35345719091157,30.102914785495148,41,30.126576324277806,32.80267763880636,29.55852335514297,27.37587562528436,31.50926242167848
123,29.334760445616737,27.416524361062198,20.73581530457629,22.372678261475205,12,22.23248024247087,22.462622627946086,23.433638693575364,27.983261186074404,24.287200031028274
124,21.55439566914106,22.20385668428845,16.127914305152608,14.009736728081718,15,13.931297478532395,14.853757859318259,15.974906868418303,27.280166614649463,13.698695487525507
125,27.59612588207991,26.06892648507932,28.66343490810636,29.44601476087555,20,29.487954435540253,31.08737177642933,29.769483704161328,26.739653354245448,30.23685137239967
126,23.584362769684702,21.49806487521327,27.65777471744684,27.422145380740233,22,27.518312024670898,28.535329546888594,28.86478641482131,26.439683119863968,27.690125413386433
127,20.33781176937924,21.053157697778865,25.85078271568212,26.62903805681785,34,26.97793689940051,27.6863952371426,28.14476939952888,26.240351183262163,27.88738751762856
128,32.344152787606696,30.83285481498807,30.1430220946628,28.884152384124764,28,28.968639567181448,29.18930212713265,28.473111672191344,26.595073185203148,30.40661081225204
129,29.528694874651517,24.84230104619347,30.99166566490557,29.637456545196038,25,29.726796269104966,30.54668838622924,28.319875242471987,26.66055996226853,29.693617954650115
130,19.900781367868934,19.902118554637216,16.638805276762408,18.93667407849489,20,19.119768637999588,19.034566400371734,20.497130041397178,26.58911685876152,19.85855080850405
131,19.946257017858734,22.066386261708523,16.200533650635627,13.088585328606296,14,13.108627900071044,13.261180600128714,14.260203120072555,26.296049376766916,14.151381823927064
132,20.56748277638248,21.862394869110094,25.54628052671937,28.37606915029068,24,28.652096041532587,29.739109669769128,28.08587278668405,25.736652459436378,28.99995384041581
133,24.8059336198762,26.98382682949631,27.01413712262277,27.37183699674925,32,27.58670698064979,28.48949173122409,27.796731081278434,25.65739545635184,27.61706376068195
134,29.602433148766888,28.72141856166451,26.57167832862585,28.524832236655502,24,28.557680923406462,28.912769271659158,28.340892276066576,25.954020953631808,29.38347891552283
135,25.979264688384838,23.378545840448712,29.357745448108645,28.383450644087556,27,28.5814519339438,28.55898205313753,27.532422584809517,25.866730506975934,27.964329026997017
136,25.218057071134343,25.495977819238128,29.776666839550508,28.999138130698558,31,29.309872376524467,30.015146286991246,27.358052157563105,25.920775257412053,28.824459435872896
137,23.059607284365832,24.845742507405,18.12329250704105,19.62152031676641,29,19.64694818176905,19.09061833782973,20.300632181170474,26.153631725204377,20.458342938741943
138,21.815827191986976,24.215517796738357,16.01854515190263,15.097274628607707,12,15.111167644673033,14.795233034646358,15.0501137031868,26.28373980201461,15.920163728041235
139,22.704126377025627,23.81524639126824,25.96806404356976,29.35817856115047,41,29.52445327693384,29.808801259998397,28.56000405844292,25.642449736303053,28.54807523165654
140,30.47925582159904,28.68896759508801,27.671178306144448,31.10167819888328,18,31.12075764165284,30.959898295840762,30.08967884478612,26.339862644051145,31.4742055045826
141,22.592296842044483,22.342057648359546,25.65447535401609,28.677741885200845,28,28.820684147781805,29.46627277569161,28.841105056185487,25.97188366255345,27.090515262640455
142,27.578297577415253,27.773521691561562,27.75690163705293,29.195576919558395,31,29.348130600230785,29.373522098457226,28.428373377287198,26.064823061477078,28.962213045073526
143,28.12402605227685,27.374769902759038,31.76480885887177,30.31142730707582,24,30.470884267204625,31.03758906514292,28.604326509226702,26.286860514155048,29.998481880441286
144,24.451714264552148,23.902427366627393,17.94153607949346,19.579576977819148,20,19.431705388908924,19.484651120733005,20.690426463647942,26.18770459912016,19.421358634056425
145,21.64125400812564,23.21766393739692,15.355530309357336,13.344609362149615,15,13.395902347052871,13.424174049335544,14.38044427929775,25.914780127003407,13.945568440100484
146,27.283500447891512,26.0310790650677,24.298810951994394,28.86911744891201,19,28.791509465308927,28.997170197085968,28.357186037694202,25.425954122370488,28.885305175697727
147,21.78688265551972,21.160835252574294,28.20819492902326,26.640290357322307,36,26.98422020733611,27.54449423220192,27.43853742754537,25.132136697807802,26.36971701146579
148,28.877283077063083,29.339235175513725,28.81333875520907,28.662335629880122,23,28.78692764122641,28.760195204613325,28.450336224732553,25.63269104497627,29.83945640183661
149,26.47129828395889,24.220751831847,31.465265151236284,28.367985989140788,32,28.50320474357989,28.56009721595601,27.568344460071827,25.51615090006037,27.532295358219972
150,26.10522500677311,24.955071420424968,29.521043047924103,29.70161921745409,31,30.048317690258354,30.645428483573713,27.904979822129558,25.809056430640727,29.69179009619128
151,22.985066766097496,23.83504635715251,18.522595403120143,20.439943787181914,17,20.45771261891241,20.405369182850887,20.823657567330255,26.04114378937397,20.646474437279373
152,19.275283685437838,20.85604490970366,15.178336837503162,13.493263709961735,14,13.467678489313569,13.830617533727352,14.1979288906609,25.643472569223203,13.158320436869984
153,22.098532254717153,23.673083217774547,24.31285148422979,28.588773472972946,23,28.899889501767525,29.67131646387249,28.032112725353603,25.122554271545855,28.599628637997125
154,27.63781567293559,27.337746668003287,27.622819932927904,27.43483306164196,46,27.368106029135127,27.918471875607988,27.664721675645694,25.02702385560297,26.86248213981576
155,29.164151292656275,27.935688276199517,27.43292315987991,30.61200975971695,33,30.800353447681346,30.76162436181742,29.620199999042264,25.969905500554514,31.99662958601276
156,29.48778307474141,29.27931021900345,30.44021787828009,31.599347788489474,32,31.66702389657357,31.57251011549355,29.714138227897703,26.27821370132989,30.255700142877767
157,27.92715603386602,26.42546457170101,32.58736264401709,32.006295292007024,35,32.13482766148226,32.695360272781805,29.825445257631408,26.529014458423468,30.526197045897177
158,22.4478310348669,23.921789176286396,19.94237058660324,22.648103919820525,21,22.660423579041918,22.28802589140012,22.936161367676448,26.899918239269226,22.38558413192629
159,19.503750886806547,22.91824335087659,17.985054885765095,15.805056058018645,17,15.727509789309993,15.841202500008734,16.51317187765778,26.645740815185484,15.078369871029366
160,24.854132577014713,26.363497943873487,26.239374050412067,30.637297311715393,21,30.74673371272309,31.2397538346776,30.403768517660524,26.23059449148803,30.237145506050172
161,31.549952042946643,29.179181540100625,28.419252613116946,29.03342376047471,29,28.7942227388316,29.320956612044945,29.682237425702425,26.006350390877568,27.85613118824178
162,28.980199686398677,26.35992978812137,28.35526354962344,28.755804962198855,42,28.75489160459442,29.108554790647613,29.58718212363299,26.138434407072893,29.21846823349907
163,31.921278554162523,29.812646600764772,32.45992399250035,31.705622155476288,15,31.796288991156768,31.78232147676557,30.611993830545444,26.825477979189355,32.435546876143746
164,25.824143666542202,24.21712254918143,31.359529191383448,29.328378582864232,26,29.419079739050158,30.44203577472057,28.867540835774694,26.318718180114605,27.37517822413287
165,23.46409560384179,23.40148766569838,20.948338136881468,19.23923433064968,20,19.247597598399867,19.31751091976804,21.10120475085311,26.307453637207274,20.165738798214015
166,20.038397411117533,21.60626093945444,14.270239584518794,13.221212265578306,19,13.196329055385867,13.533190569503748,14.781091037125009,26.038814055566746,14.237271359285074
167,22.992718795851626,23.053120209110194,24.733720803179413,28.85527569320203,19,29.07561683678027,29.59231472911773,29.03983191117465,25.73725309622587,29.85191587388376
168,27.116390511742306,25.942869195185555,28.28809266379168,27.56217791214673,30,27.68290355020085,28.411942335960585,28.286053472135826,25.446035612501568,27.071727065186053
169,30.629067552969406,27.496125469319416,28.486409367635307,28.123829719741288,35,28.06084282438463,28.293543714354648,28.49539900050241,25.646778229325022,28.915627618571122
170,23.796976090880623,22.703060298519112,28.360261239113502,29.52824896515719,24,29.87588720883872,18.402588903058923,28.773798350425547,26.05283058859067,30.179188553856484
171,24.731108240666146,25.394379195397395,28.75829877138243,29.382996598415183,28,29.60547930064775,32.51011917031927,28.214863022660122,25.96699622713923,28.465730336099647
172,23.40378318465725,24.249686107660466,19.949149478384832,19.70514435074003,14,19.729077066564816,21.120725625421244,20.727219976856862,26.056413388787746,20.284558974367773
173,19.627490919674308,21.714717080159005,13.405266292551866,12.685951805428314,15,12.654977218481983,13.757067400539036,13.855212661202,25.540530451957803,12.775789093248054
174,21.641452467294137,22.85586948437989,24.438999473893794,27.546779997366524,10,27.752235243289928,17.3224273837492,27.70162770962253,25.082816825356765,28.308302764431524
175,24.648267085648808,24.046282507571373,25.95195888933668,25.34499441523299,37,25.48609748177458,28.47087979535253,26.215565730895378,24.40912327448629,24.51227347810871
176,30.96472437940649,29.09866941837388,26.378408084451838,27.73237586966966,32,27.867413753692695,29.632981969792727,27.410847975207332,24.98088882340745,29.498959986710638
177,26.3830676085796,26.24286812461744,28.83832291931963,28.55621744236135,29,28.78900005390044,30.076249050700145,27.439622232143325,25.289467641168642,28.698704289164056
178,26.287960155889788,24.916790621019977,29.539118479095265,29.55676661047373,33,29.79698156181795,31.323437689527143,27.5492713155815,25.451311969513146,28.804381068664913
179,21.742329953994737,22.7478540440132,18.69745572899745,20.492851574436763,16,20.601113297619158,20.93394107109395,20.6099135394174,25.77625420008145,20.750176112647104
180,17.62151440263161,20.341981332729908,14.083077380889373,13.723397761164591,12,13.752593598758846,14.419308405111822,13.995619079122713,25.361200885372057,13.033456121793334
181,18.71282027697385,21.61674741900132,22.08374078604104,27.445987907189842,34,27.656791280990713,29.05253508458089,27.432459171532283,24.78528467525816,27.288460108043537
182,31.21862642051925,30.72964066498929,33.171878372381464,29.61936047275852,28,29.667841832459512,30.553898036477108,28.583623893435632,25.188574289369296,29.572915774387873
183,27.992227212022534,25.80882205977828,30.123921972010105,29.309314005795287,18,29.39270190082757,30.12820611921444,28.55758525127171,25.31084297127027,28.540688003413976
184,26.526657887737244,25.376030364212546,27.22902297172534,27.429757603836585,29,27.54649476957855,28.631452522506233,27.03092931695709,24.99893686568313,26.167586797550484
185,27.580818314285484,26.312082859301878,28.68927136684805,28.79249388308228,30,28.955647930755855,30.06610826211813,27.20390082816115,25.172881107978988,28.621586491251747
186,20.966066611669927,22.662589097894482,19.198226394880315,19.32329127036895,17,19.413981946866496,19.973973126991297,19.947704443691205,25.38086281654559,19.78211596919152
187,20.201571500116287,23.542930987611776,13.075464886977425,13.058041179846878,15,13.125204209721172,14.05422473463508,13.51198015714792,25.024991678095702,12.85184114474611
188,26.617139141048497,25.88811576426351,24.28928419806579,27.588733646902377,20,27.61763952469057,28.285757532241412,27.342532370712426,24.593036411108365,27.678156801155097
189,23.99967827810957,21.50430981929823,28.633235259190148,27.374152980261044,20,27.556304714592105,28.382219415831948,27.050224303489852,24.392276977217712,26.473520166145875
190,22.1660744426867,22.740802959409805,28.173477086788807,26.196941086051034,32,26.473438166136603,27.294411796565605,26.318537686535997,24.198244474859873,25.936470074519377
191,28.742382595294075,28.001536354936533,29.43343241706284,27.564143264481267,33,27.731531396892425,28.31175074800085,26.49735815801159,24.5449926759211,28.02915356816323
192,27.42248648460255,26.170631409136828,29.009475250855303,29.53850184859034,30,29.76272065013463,30.855844442246056,27.13205490721984,24.912449168650326,29.123388952070837
193,22.402450973651096,23.141997868340955,18.56726209728268,19.79093408765513,23,19.879808545555857,19.628157835116127,19.856542466019363,25.131116971784113,19.536630685823944
194,20.586902166538845,21.860628822147287,14.640226327155395,14.427539733761073,19,14.458963914392704,14.586679770221341,14.055680509353387,25.04206508353053,13.9780553279504
195,21.243162019723552,22.633633011788287,23.797901327643448,29.0529104041224,24,29.20537642016841,29.76206320072875,28.19372286943961,24.785730944969718,28.607836321216983
196,23.605094123313783,26.00795169311492,29.402014758158582,29.03825215497081,11,29.235831603353343,18.158254554801733,28.222000873359388,24.753370909266124,27.557903033697187
197,25.2533941959768,25.059731621306586,26.88642167283591,26.22141408438702,37,26.2790483606359,28.5720340735365,26.53741428169661,24.160135536028505,24.54081596529425
198,31.03559701326064,28.663527733004045,30.150732035763106,28.38063862185997,28,28.493994387275446,30.181974417631835,27.190469530142693,24.71976380967117,29.184017040778922
199,26.62066495109941,25.75299533321371,27.734371586364517,29.253380298827352,32,29.44890998412967,31.13371061756485,27.234651023082925,24.86079928187488,28.300908180675883
200,25.630617827439927,25.90450217572282,20.634441336855804,19.97519739796181,18,20.00528316236633,20.44056554182895,20.144335524402486,25.16430429454524,20.0309079918559
201,21.304509494951947,22.74992913839021,16.390040544821037,13.810448683329373,14,13.822004253388979,14.607837278349345,13.82473508998262,24.86364372218192,13.094339818451797
202,20.80685953170822,21.32952156935517,24.89522405324643,27.641992786190833,26,27.75429553019761,28.860529569180304,27.439769653640727,24.402986925068287,27.312501574744523
203,21.59765792969347,23.07078581390128,28.34716895799635,28.046909072895783,26,28.308806205533102,29.39722145790777,27.68673200408694,24.32750557250371,27.38420021045459
204,29.331710603035308,28.559331998392768,26.63385089438313,28.33258645895668,20,28.38784992203809,28.957963160124145,27.680792937033928,24.539203072719094,27.657697106507534
205,26.26706402283309,24.03293867674677,29.233542321341968,27.099577865421185,25,27.245546989532073,28.18913788180717,26.480525227840165,24.34658307485074,26.070002831053856
206,26.828174465344702,25.259096634281416,28.175053742126273,27.895186900556283,24,28.08122098665588,29.11386423081209,26.316138389869078,24.375469539138738,27.37044818767086
207,21.06850071719592,21.16881952042982,18.986979583767685,17.664495039379762,16,17.762680517776392,17.95366354617338,18.49270475835427,24.360459341229998,17.848974697303056
208,19.829699297015427,22.250740203554653,13.508454531081725,11.813743737937383,14,11.914505537273405,12.472127028646376,12.145718855501256,24.001822662967534,11.852556810386156
209,23.536228509122893,24.6395117442175,21.744799467063235,26.14758198274125,24,26.30156708240174,27.05573853968441,25.923042609022627,23.56445015033515,26.42090939943924
210,24.64415918869059,23.94683003112205,26.977995801217023,26.60147886068232,25,26.805059258290626,27.66620174962793,26.121779341988734,23.58433684477407,26.112179494811894
211,23.44042457750106,22.766245482108694,26.692530645696078,26.97188463933187,33,27.24287375292797,27.80042039893797,26.139349928410287,23.64751786915378,26.481902733846507
212,26.94895216408589,26.91421573832321,28.075130009113632,28.211982758823904,31,28.43269086449677,29.27908834040646,26.413821755961962,24.05630624293473,27.92062121461612
213,24.87871310055893,24.79489426994262,29.218714532617703,29.61925399330086,36,29.88210882086026,30.852555685267628,26.846328032694874,24.35422869864058,28.405471433411048
214,22.907245197150683,24.773523469032067,19.165485719450334,20.82156385955604,17,20.904968120065163,20.852813417643755,20.163151706152668,24.84748592614155,20.405239637879315
215,19.191809881407355,21.401066778235982,16.21288490331207,14.373292006512813,19,14.400659551998196,14.891584659402762,13.770594253365688,24.518791960098557,12.72643545323281
216,23.38012564077527,24.36917501554203,23.660369261172466,28.724626279176285,23,28.80284806766869,29.532858263084417,27.86413645295961,24.286974861112533,28.09293927855382
217,24.902871601084385,26.0931682151278,29.09566301357118,28.360160641281446,33,28.46541529045567,29.454678877640728,27.768001193321084,24.233437646419834,26.752112856051763
218,29.767261730420376,29.52559230460613,27.66849672014197,29.67140154063243,26,29.719408226549497,30.12834016492457,28.459092539013252,24.60474123352811,28.994896766550077
219,28.526097409575712,26.9764805068248,30.086316157361907,29.07742938198297,36,29.15025991755972,29.82264823994881,27.795950537372214,24.66456519132506,27.60143498213864
220,30.134546201367,28.432972697316533,27.84136635706772,31.155231481781158,35,31.236612336047,32.327924331890834,28.61553765960448,24.894247601595996,30.28678797930854
221,23.110385041563486,23.893621047124487,20.22179747528121,21.55250740498198,25,21.572567138194614,21.42694164265769,21.613845711633797,25.5575987580841,20.993494923698428
222,22.44070149506636,24.63276176027258,16.43028941471124,16.335376989035506,13,16.270438403330846,16.938495467294647,15.918785532819074,25.53582462243996,15.282311537995337
223,22.57804136939498,23.287305155709838,25.50043888376629,29.02752235746632,22,29.060446505698025,29.77458924530447,29.152495982543893,25.010470231676944,27.88741418486563
224,26.762184747012963,25.63249558568285,28.85086352690896,28.613043700521136,31,28.603233874106497,29.51517413488355,28.86575207873249,24.886313159985995,27.383580575188347
225,27.299058073092365,26.10027132151661,28.10693693805161,29.409273279086342,38,29.49955465465007,30.07993455476026,29.214260494024945,25.14278215251009,29.240571309721293
226,32.476586981066454,30.701414559538684,32.05416059483372,30.970913027031663,35,30.970981352234034,31.353620659767948,29.725835140994004,25.682455302305478,30.792517596239964
227,30.403850217100764,27.91002553398805,31.987466940766023,32.38808719356184,36,32.44700673170045,33.037333151720304,30.267235550506843,26.080135678260106,31.285507598108993
228,25.57671044259737,25.303360741303766,20.970586773444747,22.57579681337521,23,22.481824246499638,22.672800258972124,23.19383879313974,26.512489550315017,22.203540905948657
229,19.52233033180769,21.43053816271145,17.894553228786968,16.669979617023394,12,16.630603670326096,16.98512958391161,17.105551419094247,26.36099026052002,15.816396235656006
230,21.589738467314035,23.571546100056402,24.425871728853068,28.994282589530183,33,28.989677488539748,29.77799524713707,30.09101544772782,25.747611939624573,28.37670462822212
231,29.61903609571792,29.57095078579379,31.125435008024784,30.488487397758888,34,30.46655508805164,31.238983115403908,30.857483882685923,26.054700516032863,30.48869718869652
232,31.59146428447577,29.71397017592647,28.59031762493523,31.39726364534348,26,31.328030659947014,32.04662616448736,31.350142767529462,26.395477648540545,31.192906297462702
233,30.10321936257205,26.758946443467785,32.059102710813505,30.504709060720444,34,30.480699153374506,31.089747687710943,30.421424595171093,26.380836484356166,29.626342115193047
234,30.300160031354576,27.94279505611036,30.962529407985482,31.902143938650628,23,31.93462895707776,32.652154092841265,30.78322739083581,26.712614868291798,31.78868177730775
235,21.714410858755283,22.107897502148667,22.81316514477972,20.162924913856735,21,20.08906718480005,20.28878501816651,22.31442354068109,26.553418964516286,20.058884598317384
236,20.688010677250084,23.587974520483183,16.748669716027234,14.469321848888422,13,14.46881349699606,15.100145748091945,16.093210928020845,26.467093393139447,15.23091982518958
237,26.02826613742496,25.784364130466532,24.389146689934982,27.71566450673791,29,27.65999479175387,28.417766580963224,29.32391853523647,25.75891702239335,28.44839370792507
238,28.90672898721927,25.89927697044362,30.071140510419106,28.906000906065632,23,28.92996916341442,29.809538172807002,29.77013562104808,25.895767074351248,29.532070723551275
239,25.8410513262814,24.2902740080066,27.36428846753038,28.345389501868034,26,28.473363890119014,29.23402515472197,29.223652502830443,25.77724143557697,28.48596959304102
240,28.520728053229213,26.41160042157945,31.0437398235317,28.40040143971116,37,28.47069914292217,29.25951060241079,28.55468608237198,25.788478830581127,28.815994135438324
241,26.26243107652281,25.37736249725021,30.41278839208207,30.586707997439238,30,30.816163397637318,32.066627330880635,29.352670342597904,26.257665221894932,31.486516960673594
242,22.93030840656303,24.30333726801197,20.624823277729064,20.455963353093207,18,20.45775099770556,20.40082377786614,21.76168055551913,26.417527035104023,20.935026072733294
243,20.115726006303962,21.564269214576512,16.531445959642642,14.17504526151542,12,14.194806384701215,15.059187054690607,15.28671474900522,26.066218685514325,14.326312682722108
244,23.32650957477167,23.26731967956621,23.883200668107303,27.38276382138361,37,27.40270986480553,28.47845889349073,28.513058672034806,25.48577061282463,27.8881278820122
245,26.443843597508092,26.73827318831605,29.36254078242771,29.775322380111014,31,29.913239254230213,30.955056757287068,29.79966964909141,25.96211499369954,30.753424159622053
246,27.42162665931357,28.018511707692856,28.67754038359725,30.27482478561005,27,30.37314729336327,31.01536132684649,30.068684231278176,26.17256318898561,30.143314605599627
247,30.549758458110908,28.480753222743353,31.866526593901572,30.18240625035481,30,30.190395238422127,30.98493174664188,29.470961071986498,26.209050777946253,29.544308789234535
248,26.77367357364171,25.389117587193113,31.530276036103054,30.646136517072073,27,30.75635920600433,31.74675185893042,29.44221059073645,26.369012617410256,30.39276378000654
249,20.92754511105829,22.234762211453127,20.87118344172807,20.0212473169001,20,20.027313988223888,8.6126678407263,21.523885738985573,26.397687713144514,20.35950793759902
250,20.781307276439424,24.016851377939105,16.772824048586145,14.151978706455658,16,14.161781531770801,16.43356143154299,15.274132748925679,26.13410668842986,14.645399632658066
251,27.84475882690505,27.546441935218617,24.61332036588909,28.224434993826232,38,28.16677393400353,30.137341503739115,28.951894843550402,25.718714024162328,28.879558794636527
252,29.66568106182679,27.674981970889867,30.4521018486338,30.415251391513408,30,30.47202954545257,32.53257558771767,30.268344788666955,26.22508303987659,31.164559816638636
253,26.808599723507925,25.470771678139315,28.99145454206602,30.505193452298368,39,30.579558204230302,31.764080261443862,30.368973000957805,26.383266271292452,30.125600683604446
254,30.038958260244627,28.386995606279978,33.58400138778753,32.25262116545656,37,32.314172984103955,33.368383148196486,30.951069451407513,26.911034164687184,32.23678636562648
255,26.919922215722213,26.98062547745426,32.01160039453276,33.20016805564022,28,33.27845218159626,34.686788528141406,31.46686526246547,27.343621727946033,32.54713862154302
256,22.244473347204718,23.8236658787726,21.372137702509328,22.114851547197667,26,22.025801612211488,22.837713658859123,23.446462207338435,27.37503711618595,21.611364972819928
257,23.09072681426981,24.817653403213463,18.525854995135767,16.661513271545733,19,16.554276331120192,17.518280782964545,17.61214216843377,27.318624117075657,16.95412931488499
258,28.001660366050626,27.016238294449085,25.294013056828017,30.70793085861488,40,30.572533060114843,31.30659008881587,31.3959663183257,26.96705524263396,30.90056967795313
259,30.881735608808928,29.97234856246863,31.897320632962607,32.411391201473535,38,32.373632546259785,33.10536306127469,32.653977773721195,27.52168698089242,32.89553565178924
260,33.03170691993277,31.65847732501792,31.877472253105,33.401011918234055,30,33.29248216581189,33.566206720986855,33.371955371447,27.98209479859782,33.281957294200815
261,30.408832237916087,27.50397141256801,35.24472700816413,32.93253474784413,26,32.84794442873118,33.90667975031954,32.73492659286348,28.075520817567398,32.04184321732188
262,25.996056091554127,25.18216769371361,30.64213101869445,31.77519387087801,31,31.7690560281913,32.810064504443346,31.912153432662908,27.986535402709688,31.20917560449862
263,25.06095942231965,25.809309227755584,21.517470522363556,21.74138614366552,26,21.582119411332783,22.172481221599774,24.17489005596497,28.123314604732627,22.864771907385844
264,24.21656422062939,25.52271746460619,19.778333610806094,16.37428975242169,14,16.237308588096877,16.767727693742767,18.265285432284998,28.032673086388822,17.63137887730199
265,29.27416833676539,27.400621714052296,29.3411663528342,29.860393374722065,32,29.730864513981338,30.60257023409975,31.51294542967135,27.428924442579998,30.566041768732102
266,31.3600801047093,27.406689014557532,30.857660625101623,30.502363579961592,38,30.437103769991626,31.647042146353694,31.930663244491214,27.625138305491237,31.58742907123946
267,28.78057685678366,26.340371398815755,32.81822626611364,31.84120951815289,31,31.84312390345533,32.67318465026539,32.66817026445453,28.072595436920643,33.11930718062749
268,27.242195892573147,26.661672447179004,33.518085287575225,31.848259960739412,36,31.87998401078473,32.97931783241885,32.20318568119041,28.203475105259997,32.043680824950194
269,29.34559587512414,28.522660754669765,31.778873362248,32.6417653999101,31,32.6496993887148,33.619752900350534,32.46803747323597,28.550556647997897,33.28539023348465
270,24.471453144907517,24.119871491954555,22.683073470663786,22.480120262304315,22,22.34216379668924,23.007870275419325,24.686791991268734,28.663941079084662,23.367310117051662
271,20.93961449812443,22.380303899622227,17.260417190824302,16.182648262286808,20,16.08518383156947,16.524664989247018,18.296577484139,28.371382877444056,17.162428164883316
272,27.496440909889717,27.24227030775167,29.566719783444718,30.733033501488126,33,30.660559601293922,31.377010322775124,32.16263011889346,28.011931519788213,32.05210256371037
273,31.239275522334555,29.58754575482503,31.861119665492158,31.41431277630937,42,31.33370755700784,32.77288677039143,32.640802445549376,28.22879599674557,32.3632737768842
274,31.24952122062658,30.178679770958833,32.98143138300884,33.021225572800944,32,32.99103699909554,33.94029624349004,33.68004608802787,28.83176828753487,34.439685688629424
275,30.693155775004488,28.604365118515982,34.17074810608853,32.97418417397442,40,32.912159887446016,33.6768158347811,33.237466066176786,28.977324988962287,32.990487908844216
276,29.56939334837234,27.760380074396853,33.931097437754424,34.02252051228561,44,33.9952394013349,35.116603208705136,33.77879433033491,29.481743882970648,34.78868206388566
277,26.15006707441772,27.63400747214544,23.5092592452505,25.53651811335904,35,25.38344001554369,25.66799864323857,27.197829315508905,30.17265058525486,26.89779823604887
278,25.34544262489751,27.40677644932149,20.86755959060607,20.605704648734324,21,20.385660392732177,20.91902941220604,21.922846841589863,30.415289751113228,21.407291386088737
279,28.299352538308053,27.542705100835644,33.54960494230172,34.159122556684,31,33.96750133293362,35.00246532153064,35.5156455664097,29.96026733973496,34.30618578912562
280,32.107446754936596,29.31582695556861,34.44666269663466,33.80938666877076,30,33.58300099450852,34.372311996830966,35.46951710857538,30.01393879602922,34.006004656177225
281,29.07763019212421,27.447181358250926,33.01602078732149,32.73498311942905,43,32.58736018823517,33.33840161758259,34.959266595074546,30.017889045025694,33.591297249765795
282,35.727777531845824,33.77323750602465,35.98777123141855,34.68676885293842,30,34.517638982130286,35.14727260985629,35.54212361372087,30.639049908679198,36.443444915533235
283,33.1919343872932,30.12449558364713,33.46144585596373,33.799028334958,36,33.61492755898652,34.439888211374885,34.85172100326992,30.61263761415949,34.28855986278293
284,30.014238922407426,27.371073535659022,26.95356356649191,24.181653901933984,19,23.90366737416636,12.749140107574336,27.32531550956298,30.880015035214203,26.233300975976714
285,22.31601603384419,22.25733305681901,20.8459583737168,16.92282250119077,18,16.72781296573883,19.107567619489643,20.343292760098905,30.31215318726485,18.43955159874133
286,25.950405773158913,25.23375199664667,29.09170819039371,30.897434631789523,42,30.80477609774725,33.16046311157148,33.78573635169921,29.75216055894113,33.21756120125206
287,31.707418402180227,30.53869114738206,35.8732935640037,33.11410391164876,37,33.08686768224871,34.935272198314536,35.03789241853767,30.308500307658612,35.76188284621325
288,33.50580300116823,30.43184133975317,33.84662694429845,33.59773416899425,37,33.41794121475064,34.87775848948316,35.34550588955437,30.62286314633685,35.240601221233355
289,30.653916756366833,26.497974048535685,36.55205821476564,34.12619425887307,30,34.110918268767726,35.372002870845314,35.21394329614672,30.92782744041196,35.529888366473436
290,28.62125896748941,26.250267870234183,34.43997618779455,33.51174256200812,34,33.43577803551886,34.71259213962182,34.5958952539757,30.88898143710279,34.40436318089774
291,23.256152329891552,24.078404353510145,24.05489901614368,23.53052328609782,19,23.414054092305822,24.44771530850203,26.850879421976728,31.041111804495888,25.815322225038244
292,22.608433251151585,25.74955980170725,21.892055041459304,16.549331523509352,18,16.378569598623788,17.72920393743813,19.9473974806785,30.48384426750027,18.399330893730628
293,30.70300232514221,29.05468678520586,28.87965366166809,30.819175220205555,23,30.633765181951986,32.07336235012545,33.47236420095256,29.927877167431394,33.28359096378432
294,29.78655628053389,26.282507446239578,33.82362110196084,29.97971509543106,46,29.91254693496651,31.51583480154664,32.81365578894573,29.628436584491354,31.74161835743002
295,33.74920445546103,31.090057894513073,33.1420080043095,32.6836068048169,23,32.64148698610068,33.51591343657718,34.25790226522049,30.350091343339056,36.17546486145836
296,27.199448677064765,25.978091617747666,32.62460275426283,31.153665927710065,29,31.19119847244361,32.50134136339618,32.80459164474827,30.029032102704722,32.087486384674236
297,28.77177973268207,26.94619715759014,32.01764549176864,31.22434707816771,30,31.2499223857242,32.55601603079984,32.350526635779126,29.98850325044839,33.09363887588104
298,22.471140576246675,23.007734198536344,22.683167661023308,21.10337506038639,20,21.072818284628717,22.079848026670927,24.391045322498695,29.99355127550523,23.781130101169577
299,20.888062442628936,21.82748882118647,17.991331660276245,15.004504366702205,17,14.931805495780926,15.605954996284973,17.84893388450505,29.56350351444147,17.382284326457988
300,25.311266450532194,25.25374967899916,28.28409783071769,29.33884475776258,28,29.42002500913432,19.20827861183195,31.446158054110487,29.026911762124637,31.866846765973857
301,32.46831546253261,29.588238498532466,33.600659882288845,30.09262054263793,51,30.004147682835466,32.690642621081125,31.594957515334137,28.986670973311444,31.88014459565175
302,29.665847127016786,27.54046758293632,32.143961696213715,33.07575343559141,37,33.179639109852765,35.05897930594893,33.838464285784156,29.934263861936607,36.21847048636651
303,29.074269961757693,28.816821950036267,33.44474800205754,33.72360196227932,34,33.76441515541273,35.035697584457864,33.603075719579266,30.244541989183887,34.43753822989176
304,28.128422926404266,26.995141861697405,34.1250167668034,33.93858778790773,39,33.95791265600665,35.62422837217712,33.59119690649931,30.413121032417425,34.34104833822254
305,24.30296976091109,26.25432957138204,24.277780539689807,24.468684473430404,13,24.35402947376387,14.64378768617942,26.386487200394754,30.796028952407323,26.00706418198144
306,19.02506463107467,22.20429301323782,18.27415227303862,16.506747180290347,22,16.353687561462856,19.169721542526727,18.981469343614574,30.020654417380857,16.81204599255565
307,28.386801860747127,28.83354276116014,29.38350336784464,31.16933111830637,52,31.09857675016545,34.102168360448125,32.95264872315999,29.682461054993876,33.30128838159242
308,39.99838025955833,36.78758900851575,37.79978315149404,35.61878412331828,34,35.47364970139138,37.560781262945866,35.42408421021297,30.63942277527639,37.87723645834933
309,31.26749006072732,28.712929218115764,34.87066094301135,34.35992574101458,32,34.25258977398316,35.94760023614214,35.22962603282933,30.790811859986352,34.59914888533204
310,31.82782314205246,29.13479924325397,35.86505783494419,33.870543992329765,37,33.785503193475535,35.53475743754978,34.597616660101444,30.848737949353666,34.318301849818454
311,30.033420691367148,27.903999025758623,36.78176341004711,34.62138058001934,48,34.52271390479076,36.08312674477509,34.793185780505,31.12409051883514,35.65375084633086
312,23.916618190783762,25.935459517742892,24.23351876521519,26.043841050543342,36,25.9330470837678,27.42566861903759,28.283564969175107,31.886761177990785,28.31245852295057
313,28.621575551790954,31.180415760543948,20.87785384775031,21.573284900262824,20,21.319133537457734,22.12138137523847,23.075333763837953,32.083587347475714,22.738361114042792
314,34.18189572080583,29.46631392120273,33.54150965382692,35.00756319021029,39,34.635354471627195,35.979424908590424,36.5000920822066,31.53371742916188,35.331952009961725
315,31.225031137650852,26.74329119126635,36.735358692658316,36.19285399034866,36,36.087168927619174,37.34382241775407,37.271935210830996,31.874805431685182,37.08791210249051
316,29.77196662020367,29.438750656800977,33.56262889706466,35.101633085518905,43,34.93608552429079,35.85630078807392,37.082669259613255,32.068704075126874,36.16992585957219
317,35.38424575942373,33.56261303746528,37.41087507633031,36.257560788759754,52,36.07272273931408,36.959607197500794,37.39816178568861,32.80833952070437,37.865094433759104
318,39.33734216135828,36.241125680025156,38.48636583612014,39.03369398948098,12,38.775964815473706,27.714975781852782,38.932020110083535,33.52564559196733,40.70132917741596
319,24.821785019320195,22.335289581141378,22.79875508825837,23.877376252053853,17,23.449519613283528,26.592234689554186,28.328101753578547,32.47986175774209,23.52091942725859
320,23.568127980488125,22.38582694604936,21.910342793427898,16.753417848803426,21,16.543610933857007,18.960606939648788,21.174682508314312,31.78619340600568,19.198143161150284
321,29.210036942257,28.747626937790642,32.5884120429936,31.653406042795226,44,31.480458146645212,34.042893820604704,34.92396146339045,31.322469778231333,34.99585004270189
322,34.57831045706367,33.105845455537185,36.389655550898,34.33818686516847,25,34.30423640205729,36.19610983545153,36.303325997455005,31.87484775009567,37.55051050318694
323,34.309173088344366,29.838511560528932,33.74216585492197,32.21894970968366,33,32.02819733523257,33.5202443564275,35.184982860454596,31.581303949826346,33.779559744845216
324,35.07307936261259,26.97395127076825,39.19850406867764,32.69798733486473,35,32.45750228668005,33.90410142210269,34.725344166797576,31.64795264327171,35.1510442693476
325,20.954881370621848,19.33419495628648,32.5244023647758,32.89058715220577,46,33.21516391674219,34.88010410315793,34.58439379790143,31.798320487531942,35.53664220314084
326,25.46794582135324,29.41247105374095,23.316269686494252,24.71345633330413,26,24.692172113231987,26.18822049801475,27.906474026879195,32.42432214893383,28.356715311415982
327,25.51995983177919,26.987236340451716,19.671366662147122,19.013581145032912,16,18.812805151368977,19.676601451134573,21.711507797720103,32.145950181018335,20.884738315991036
328,29.766081715951422,26.139376815738768,32.36609802897458,32.77682604379686,38,32.50722403129447,34.011158708341235,34.97166296486465,31.453953856135698,34.361520167490355
329,28.157952255867986,25.94202354536075,36.60552639394027,33.89753213489685,34,34.061637403657045,35.30541874576252,35.680058361133526,31.737917910849376,36.27842877038031
330,29.79053904192695,29.59760111310688,34.536004605480265,33.40313609410521,33,33.34787660682227,33.790914593025214,35.5236207484597,31.84025083543825,35.35826656707369
331,32.643052100735346,32.09082315248257,36.414131419259355,33.65274539772699,31,33.611003074816686,34.29503738473652,35.043134534154966,31.895587294376785,35.417089420851255
332,33.462265911903394,31.62052852408717,35.25945007840296,33.23859826119284,42,33.010515539965084,34.42308178787458,34.53641668380653,31.86283586197063,34.94586659288858
333,27.29400237977499,25.12418562796094,26.669801575293608,24.20252875852694,24,24.029092458025012,25.32345425128857,27.42517954171839,32.30423228310064,27.440714530755486
334,22.5195706146787,24.19882263599477,17.585806639269887,18.2559057832348,21,18.179052358193733,19.446908808413305,21.06641290766771,31.95153316922663,20.223015732952867
335,29.86316113202493,29.092968606708702,32.08371711570573,33.09588093078323,48,32.97966069508284,34.75390745356557,34.9018526005122,31.681797283271546,35.159828353574284
336,33.3048996552526,31.6391303969076,36.17660364698803,35.55824878971055,39,35.55897335001261,36.78241773695847,36.553773744066405,32.19585142772774,38.15520841865417
337,30.273271326306034,28.069029280706008,34.66374563585573,35.418153284061034,48,35.369399627667974,36.25325900893002,36.78424429866514,32.49418558535208,36.79497773607634
338,33.85242771765184,30.77158775778642,37.187817792076736,37.42945115373962,50,37.447831131132496,38.32923604205753,37.61923877760111,33.17811842021595,39.1044864648151
339,35.227647962823326,32.487854142488395,40.88621230897553,39.271347348299756,48,39.07305950231874,40.019230964118414,38.780680164134324,33.94835286814858,40.36164700097902
340,28.12443956073462,29.070489286344923,26.062933338161216,29.602155426600195,28,29.34615240698277,30.283473281905216,31.862492712356573,34.62461865070799,30.837982953375768
341,26.255926918735643,28.14304500737777,26.60031273184737,23.081480132322568,29,22.77547211000875,11.445005958996186,25.44585116797561,34.31005031501673,23.413561935821537
342,35.144753979140425,32.635717237879746,36.57917023541506,38.335001682639366,41,37.91666903625965,40.598132720460036,39.710337811200525,34.067188756289625,39.419559399866266
343,35.07183238265352,32.70326085672889,39.159413831413175,38.43224586740053,36,38.22484633894688,39.80362380563452,40.208629850040325,34.39695380511732,39.52159049522113
344,37.58884616525648,34.979718844641816,37.6030458036038,37.36447930927591,46,36.955121765613725,38.090642865973294,39.80933997132961,34.479390496242644,38.4964981197211
345,40.87417487670714,35.38037528876607,43.17059230781309,38.778556351305106,43,38.4179771446048,39.45238436440612,40.20045993683069,35.035421613810264,40.775412767036336
346,36.63557436131509,31.44448835838537,38.556790624390175,39.25391247038212,39,38.96690133470261,40.628180354513376,40.40835486336883,35.43414271784043,40.81353562258788
347,29.08557584049099,27.350084693650533,29.67509386600801,28.03297876397793,31,27.714059424275586,29.34435620720685,32.346740754401026,35.62007210890373,30.20659281546513
348,29.174311412178678,28.12611865197327,25.21307530083187,22.550360741454746,18,22.149676706830405,22.60344679608075,26.221124528963852,35.398187638018605,24.820665143531333
349,30.107893783792125,26.659216204496694,34.65127018119179,36.182796994542265,41,35.9751949037791,37.17798637300676,39.287047064403744,34.57509695829516,38.072241305092476
350,34.485008258197716,30.916981533379502,38.26004361168425,36.7251441797383,43,36.62631574057479,37.46587726499684,39.79244363175218,34.878228135278405,39.68389954584855
351,37.49578660209567,32.535663304538694,36.495855696921296,37.40291170063775,30,37.10553744594744,37.558152263628564,40.18960437028143,35.26545228028619,40.25628959367479
352,34.11707589366672,28.66678947586516,39.309840633358505,36.274552822610936,35,36.09703874535364,36.876365472531795,38.937269657963256,35.02529609073757,38.106387795791406
353,32.92286378265266,29.3451215129537,39.45604860933667,36.01891703848808,40,35.94253218016658,37.03473407769451,38.455861129030254,35.031507072964864,38.845437450779286
354,28.78060012623451,27.71074348781663,27.04738069505916,25.78408182776813,27,25.465524217310602,26.489071539708682,30.69026378024977,35.26957130755492,29.672148168695635
355,24.42407229376956,25.368654733458072,24.50284896159445,20.06350786410513,18,19.93676137582817,21.257847230634155,24.30969804455248,34.89429026485096,23.34094534351523
356,31.548411543800462,29.90272656612824,35.86953344007921,34.46926185513995,37,34.319817781644865,35.87741996048722,37.61786928871985,34.142147840943124,37.327337470111964
357,34.34446713256581,29.911771444002124,39.267021122505284,34.835599795908784,26,34.673442973529504,24.19899554235845,37.8978002159599,34.27501666348987,38.14425558221831
358,27.516456212772425,25.197695751052088,34.927409085272664,33.065248846726355,12,33.14529015460906,23.79016513511648,36.74401582097221,33.91787003214479,35.85166712414222
359,28.182456144060392,25.95618185104907,34.38269729435098,30.184422688687164,38,30.201471336459328,34.314445811750986,33.944009305238964,32.97166775747518,32.63310629771326
360,33.582526146237264,30.14340006980669,36.29019160238574,31.96780811370069,29,31.96175613417552,35.88508426714827,34.32075532103457,33.19611074336452,37.01575561191269
361,24.88985529092028,24.009957031131282,21.858122023908734,20.93939780750779,22,20.815106145468427,24.219396101086478,25.803658130540924,33.02049147201249,25.24670962947738
362,23.956028448894482,23.921626351474234,22.749962988549843,15.502700292883384,11,15.482617400731584,18.21978649096333,19.357311805848635,32.54704574275973,19.621549631649426
363,26.90133124616753,23.833431201083695,32.28599128460797,29.97256807385754,20,30.035968562965106,32.30791355488202,32.37498399798487,31.597328696859236,33.16943058270034
364,22.949559975853585,21.365958476213926,33.89156365269051,28.533820270082717,6,28.786169599290428,19.54949974876176,31.235811583409195,31.064751347005448,31.53941445314338
